<?xml version="1.0" encoding="UTF-8" ?>
<!DOCTYPE mapper PUBLIC "-//mybatis.org//DTD Mapper 3.0//EN" "http://mybatis.org/dtd/mybatis-3-mapper.dtd" >
<mapper namespace="com.trade.common.dao.mapper.gen.PropertiesMapper" >
  <resultMap id="BaseResultMap" type="com.trade.common.dao.po.Properties" >
    <id column="name" property="name" jdbcType="VARCHAR" />
    <result column="value" property="value" jdbcType="VARCHAR" />
  </resultMap>
  <sql id="Example_Where_Clause" >
    <where >
      <foreach collection="oredCriteria" item="criteria" separator="or" >
        <if test="criteria.valid" >
          <trim prefix="(" suffix=")" prefixOverrides="and" >
            <foreach collection="criteria.criteria" item="criterion" >
              <choose >
                <when test="criterion.noValue" >
                  and ${criterion.condition}
                </when>
                <when test="criterion.singleValue" >
                  and ${criterion.condition} #{criterion.value}
                </when>
                <when test="criterion.betweenValue" >
                  and ${criterion.condition} #{criterion.value} and #{criterion.secondValue}
                </when>
                <when test="criterion.listValue" >
                  and ${criterion.condition}
                  <foreach collection="criterion.value" item="listItem" open="(" close=")" separator="," >
                    #{listItem}
                  </foreach>
                </when>
              </choose>
            </foreach>
          </trim>
        </if>
      </foreach>
    </where>
  </sql>
  <sql id="Update_By_Example_Where_Clause" >
    <where >
      <foreach collection="example.oredCriteria" item="criteria" separator="or" >
        <if test="criteria.valid" >
          <trim prefix="(" suffix=")" prefixOverrides="and" >
            <foreach collection="criteria.criteria" item="criterion" >
              <choose >
                <when test="criterion.noValue" >
                  and ${criterion.condition}
                </when>
                <when test="criterion.singleValue" >
                  and ${criterion.condition} #{criterion.value}
                </when>
                <when test="criterion.betweenValue" >
                  and ${criterion.condition} #{criterion.value} and #{criterion.secondValue}
                </when>
                <when test="criterion.listValue" >
                  and ${criterion.condition}
                  <foreach collection="criterion.value" item="listItem" open="(" close=")" separator="," >
                    #{listItem}
                  </foreach>
                </when>
              </choose>
            </foreach>
          </trim>
        </if>
      </foreach>
    </where>
  </sql>
  <sql id="Base_Column_List" >
    name, value
  </sql>
  <select id="selectByExample" resultMap="BaseResultMap" parameterType="com.trade.common.dao.po.PropertiesExample" >
    select
    <if test="distinct" >
      distinct
    </if>
    <include refid="Base_Column_List" />
    from common.properties
    <if test="_parameter != null" >
      <include refid="Example_Where_Clause" />
    </if>
    <if test="orderByClause != null" >
      order by ${orderByClause}
    </if>
    <if test="offset gt 0" >
      offset #{offset}
    </if>
    <if test="limit gt 0" >
      limit #{limit}
    </if>
  </select>
  <select id="selectByPrimaryKey" resultMap="BaseResultMap" parameterType="java.lang.String" >
    select 
    <include refid="Base_Column_List" />
    from common.properties
    where name = #{name,jdbcType=VARCHAR}
  </select>
  <delete id="deleteByPrimaryKey" parameterType="java.lang.String" >
    delete from common.properties
    where name = #{name,jdbcType=VARCHAR}
  </delete>
  <delete id="deleteByExample" parameterType="com.trade.common.dao.po.PropertiesExample" >
    delete from common.properties
    <if test="_parameter != null" >
      <include refid="Example_Where_Clause" />
    </if>
  </delete>
  <insert id="insert" parameterType="com.trade.common.dao.po.Properties" >
    insert into common.properties (name, value)
    values (#{name,jdbcType=VARCHAR}, #{value,jdbcType=VARCHAR})
  </insert>
  <insert id="insertSelective" parameterType="com.trade.common.dao.po.Properties" >
    insert into common.properties
    <trim prefix="(" suffix=")" suffixOverrides="," >
      <if test="name != null" >
        name,
      </if>
      <if test="value != null" >
        value,
      </if>
    </trim>
    <trim prefix="values (" suffix=")" suffixOverrides="," >
      <if test="name != null" >
        #{name,jdbcType=VARCHAR},
      </if>
      <if test="value != null" >
        #{value,jdbcType=VARCHAR},
      </if>
    </trim>
  </insert>
  <select id="countByExample" parameterType="com.trade.common.dao.po.PropertiesExample" resultType="java.lang.Integer" >
    select count(*) from common.properties
    <if test="_parameter != null" >
      <include refid="Example_Where_Clause" />
    </if>
  </select>
  <update id="updateByExampleSelective" parameterType="map" >
    update common.properties
    <set >
      <if test="record.name != null" >
        name = #{record.name,jdbcType=VARCHAR},
      </if>
      <if test="record.value != null" >
        value = #{record.value,jdbcType=VARCHAR},
      </if>
    </set>
    <if test="_parameter != null" >
      <include refid="Update_By_Example_Where_Clause" />
    </if>
  </update>
  <update id="updateByExample" parameterType="map" >
    update common.properties
    set name = #{record.name,jdbcType=VARCHAR},
      value = #{record.value,jdbcType=VARCHAR}
    <if test="_parameter != null" >
      <include refid="Update_By_Example_Where_Clause" />
    </if>
  </update>
  <update id="updateByPrimaryKeySelective" parameterType="com.trade.common.dao.po.Properties" >
    update common.properties
    <set >
      <if test="value != null" >
        value = #{value,jdbcType=VARCHAR},
      </if>
    </set>
    where name = #{name,jdbcType=VARCHAR}
  </update>
  <update id="updateByPrimaryKey" parameterType="com.trade.common.dao.po.Properties" >
    update common.properties
    set value = #{value,jdbcType=VARCHAR}
    where name = #{name,jdbcType=VARCHAR}
  </update>
  <select id="lockByPrimaryKey" resultMap="BaseResultMap" parameterType="java.lang.String" >
    select 
    <include refid="Base_Column_List" />
    from common.properties
    where name = #{name}  for update 
  </select>
  <select id="lockByExample" resultMap="BaseResultMap" parameterType="com.trade.common.dao.po.PropertiesExample" >
    select 
    <if test="distinct" >
      distinct
    </if>
    <include refid="Base_Column_List" />
    from common.properties
    <if test="_parameter != null" >
      <include refid="Example_Where_Clause" />
    </if>
    <if test="orderByClause != null" >
       order by #{orderByClause} 
    </if>
    <if test="limit gt 0" >
       limit #{limit} 
    </if>
    <if test="offset gt 0" >
       offset #{offset} 
    </if>
     for update 
  </select>
</mapper>