<?xml version="1.0" encoding="UTF-8"?>
<beans xmlns="http://www.springframework.org/schema/beans" xmlns:xsi="http://www.w3.org/2001/XMLSchema-instance" xsi:schemaLocation="
	http://www.springframework.org/schema/beans http://www.springframework.org/schema/beans/spring-beans-3.1.xsd">

	<bean id="connectionManagerParams" class="org.apache.commons.httpclient.params.HttpConnectionManagerParams">
		<property name="connectionTimeout" value="10000" />
		<property name="soTimeout" value="30000" />
		<property name="maxTotalConnections" value="100" />
		<property name="defaultMaxConnectionsPerHost" value="100" />
	</bean>
	
	<bean id="connectionManager" class="org.apache.commons.httpclient.MultiThreadedHttpConnectionManager">
		<property name="params" ref="connectionManagerParams" />
	</bean>

	<bean id="httpClient" class="org.apache.commons.httpclient.HttpClient">
		<constructor-arg>
			<ref bean="connectionManager" />
		</constructor-arg>
	</bean>
	
</beans>
