<?xml version="1.0" encoding="UTF-8"?>
<!--
 - Copyright 1999-2011 Alibaba Group.
 -
 - Licensed under the Apache License, Version 2.0 (the "License");
 - you may not use this file except in compliance with the License.
 - You may obtain a copy of the License at
 -
 -      http://www.apache.org/licenses/LICENSE-2.0
 -
 - Unless required by applicable law or agreed to in writing, software
 - distributed under the License is distributed on an "AS IS" BASIS,
 - WITHOUT WARRANTIES OR CONDITIONS OF ANY KIND, either express or implied.
 - See the License for the specific language governing permissions and
 - limitations under the License.
-->
<beans xmlns="http://www.springframework.org/schema/beans"
       xmlns:xsi="http://www.w3.org/2001/XMLSchema-instance"
       xmlns:dubbo="http://code.alibabatech.com/schema/dubbo"
       xsi:schemaLocation="http://www.springframework.org/schema/beans		http://www.springframework.org/schema/beans/spring-beans-3.1.xsd
						   http://code.alibabatech.com/schema/dubbo         http://code.alibabatech.com/schema/dubbo/dubbo.xsd">

	<bean class="com.travelzen.framework.config.tops.TzPropertyPlaceholderConfigurer">
        <property name="tzProperties">
            <list>
                <value>R:properties/zkService.properties</value>
            </list>
        </property>
    </bean>

    <dubbo:application name="${APP_NAME}" owner="shui.ren"/>
    <dubbo:registry protocol="zookeeper" address="${connectionString}"
    	file="${user.home}/.dubbo/cache/${APP_NAME}.cache"/>
    <!--需要配置本地host，因为虚拟机获得的可能不是该虚拟机的ip-->
    <dubbo:provider threads="150" executes="100" port="20889" host="${LOCAL_IP}" accesslog="true" filter="-exception" />

    <bean id="bankgateApiImpl" class="com.trade.bankgate.server.api.impl.BankGateApiImpl" />
    <dubbo:service interface="com.trade.bankgate.api.IBankGateApi" ref="bankgateApiImpl">
    </dubbo:service>
    
    <!--此处的每个方法的并发度数值，需要根据部署节点的情况来分配-->
    <!--  <dubbo:monitor protocol="registry"/> -->
</beans>