<?xml version="1.0" encoding="UTF-8"?>
<beans xmlns="http://www.springframework.org/schema/beans"
	xmlns:xsi="http://www.w3.org/2001/XMLSchema-instance" xmlns:context="http://www.springframework.org/schema/context"
	xmlns:aop="http://www.springframework.org/schema/aop" xmlns:tx="http://www.springframework.org/schema/tx"
	xmlns:util="http://www.springframework.org/schema/util"
	xsi:schemaLocation="
	http://www.springframework.org/schema/beans http://www.springframework.org/schema/beans/spring-beans-3.1.xsd
	http://www.springframework.org/schema/context http://www.springframework.org/schema/context/spring-context-3.1.xsd
	http://www.springframework.org/schema/tx http://www.springframework.org/schema/tx/spring-tx-3.1.xsd
	http://www.springframework.org/schema/util http://www.springframework.org/schema/util/spring-util-3.1.xsd
	http://www.springframework.org/schema/aop http://www.springframework.org/schema/aop/spring-aop-3.1.xsd"
	default-autowire="byName">




	<bean id="mailServer" class="com.travelzen.framework.mail.MailServerImpl" abstract="false"  lazy-init="default" autowire="default"  >
	<constructor-arg>
		<props>
		<prop key="mail.transport.protocol">SMTP</prop>
		<prop key="mail.smtp.host">10.180.8.10</prop>
<!-- 		  <prop key="mail.smtp.host">AH-S0-SV0001</prop> -->
		<prop key="mail.smtp.port">25</prop>
		</props>
	  </constructor-arg>
	</bean>


</beans>