<?xml version="1.0" encoding="UTF-8" ?>
<!DOCTYPE mapper PUBLIC "-//mybatis.org//DTD Mapper 3.0//EN" "http://mybatis.org/dtd/mybatis-3-mapper.dtd" >
<mapper namespace="com.trade.bankgate.dao.mapper.gen.BankgateTransMapper" >
  <resultMap id="BaseResultMap" type="com.trade.bankgate.dao.po.BankgateTrans" >
    <id column="id" property="id" jdbcType="VARCHAR" />
    <result column="origin_id" property="originId" jdbcType="VARCHAR" />
    <result column="tran_date" property="tranDate" jdbcType="CHAR" />
    <result column="tran_type" property="tranType" jdbcType="VARCHAR" />
    <result column="business_system_id" property="businessSystemId" jdbcType="VARCHAR" />
    <result column="business_seq" property="businessSeq" jdbcType="VARCHAR" />
    <result column="gate_seq" property="gateSeq" jdbcType="VARCHAR" />
    <result column="pay_channel_id" property="payChannelId" jdbcType="VARCHAR" />
    <result column="bank_seq" property="bankSeq" jdbcType="VARCHAR" />
    <result column="amount" property="amount" jdbcType="NUMERIC" />
    <result column="bank_check_date" property="bankCheckDate" jdbcType="CHAR" />
    <result column="state" property="state" jdbcType="VARCHAR" />
    <result column="return_url" property="returnUrl" jdbcType="VARCHAR" />
    <result column="notify_url" property="notifyUrl" jdbcType="VARCHAR" />
    <result column="create_time" property="createTime" jdbcType="TIMESTAMP" />
    <result column="update_time" property="updateTime" jdbcType="TIMESTAMP" />
  </resultMap>
  <sql id="Example_Where_Clause" >
    <where >
      <foreach collection="oredCriteria" item="criteria" separator="or" >
        <if test="criteria.valid" >
          <trim prefix="(" suffix=")" prefixOverrides="and" >
            <foreach collection="criteria.criteria" item="criterion" >
              <choose >
                <when test="criterion.noValue" >
                  and ${criterion.condition}
                </when>
                <when test="criterion.singleValue" >
                  and ${criterion.condition} #{criterion.value}
                </when>
                <when test="criterion.betweenValue" >
                  and ${criterion.condition} #{criterion.value} and #{criterion.secondValue}
                </when>
                <when test="criterion.listValue" >
                  and ${criterion.condition}
                  <foreach collection="criterion.value" item="listItem" open="(" close=")" separator="," >
                    #{listItem}
                  </foreach>
                </when>
              </choose>
            </foreach>
          </trim>
        </if>
      </foreach>
    </where>
  </sql>
  <sql id="Update_By_Example_Where_Clause" >
    <where >
      <foreach collection="example.oredCriteria" item="criteria" separator="or" >
        <if test="criteria.valid" >
          <trim prefix="(" suffix=")" prefixOverrides="and" >
            <foreach collection="criteria.criteria" item="criterion" >
              <choose >
                <when test="criterion.noValue" >
                  and ${criterion.condition}
                </when>
                <when test="criterion.singleValue" >
                  and ${criterion.condition} #{criterion.value}
                </when>
                <when test="criterion.betweenValue" >
                  and ${criterion.condition} #{criterion.value} and #{criterion.secondValue}
                </when>
                <when test="criterion.listValue" >
                  and ${criterion.condition}
                  <foreach collection="criterion.value" item="listItem" open="(" close=")" separator="," >
                    #{listItem}
                  </foreach>
                </when>
              </choose>
            </foreach>
          </trim>
        </if>
      </foreach>
    </where>
  </sql>
  <sql id="Base_Column_List" >
    id, origin_id, tran_date, tran_type, business_system_id, business_seq, gate_seq, 
    pay_channel_id, bank_seq, amount, bank_check_date, state, return_url, notify_url, 
    create_time, update_time
  </sql>
  <select id="selectByExample" resultMap="BaseResultMap" parameterType="com.trade.bankgate.dao.po.BankgateTransExample" >
    select
    <if test="distinct" >
      distinct
    </if>
    <include refid="Base_Column_List" />
    from bankgate.bankgate_trans
    <if test="_parameter != null" >
      <include refid="Example_Where_Clause" />
    </if>
    <if test="orderByClause != null" >
      order by ${orderByClause}
    </if>
    <if test="offset gt 0" >
      offset #{offset}
    </if>
    <if test="limit gt 0" >
      limit #{limit}
    </if>
  </select>
  <select id="selectByPrimaryKey" resultMap="BaseResultMap" parameterType="java.lang.String" >
    select 
    <include refid="Base_Column_List" />
    from bankgate.bankgate_trans
    where id = #{id,jdbcType=VARCHAR}
  </select>
  <delete id="deleteByPrimaryKey" parameterType="java.lang.String" >
    delete from bankgate.bankgate_trans
    where id = #{id,jdbcType=VARCHAR}
  </delete>
  <delete id="deleteByExample" parameterType="com.trade.bankgate.dao.po.BankgateTransExample" >
    delete from bankgate.bankgate_trans
    <if test="_parameter != null" >
      <include refid="Example_Where_Clause" />
    </if>
  </delete>
  <insert id="insert" parameterType="com.trade.bankgate.dao.po.BankgateTrans" >
    insert into bankgate.bankgate_trans (id, origin_id, tran_date, 
      tran_type, business_system_id, business_seq, 
      gate_seq, pay_channel_id, bank_seq, 
      amount, bank_check_date, state, 
      return_url, notify_url, create_time, 
      update_time)
    values (#{id,jdbcType=VARCHAR}, #{originId,jdbcType=VARCHAR}, #{tranDate,jdbcType=CHAR}, 
      #{tranType,jdbcType=VARCHAR}, #{businessSystemId,jdbcType=VARCHAR}, #{businessSeq,jdbcType=VARCHAR}, 
      #{gateSeq,jdbcType=VARCHAR}, #{payChannelId,jdbcType=VARCHAR}, #{bankSeq,jdbcType=VARCHAR}, 
      #{amount,jdbcType=NUMERIC}, #{bankCheckDate,jdbcType=CHAR}, #{state,jdbcType=VARCHAR}, 
      #{returnUrl,jdbcType=VARCHAR}, #{notifyUrl,jdbcType=VARCHAR}, #{createTime,jdbcType=TIMESTAMP}, 
      #{updateTime,jdbcType=TIMESTAMP})
  </insert>
  <insert id="insertSelective" parameterType="com.trade.bankgate.dao.po.BankgateTrans" >
    insert into bankgate.bankgate_trans
    <trim prefix="(" suffix=")" suffixOverrides="," >
      <if test="id != null" >
        id,
      </if>
      <if test="originId != null" >
        origin_id,
      </if>
      <if test="tranDate != null" >
        tran_date,
      </if>
      <if test="tranType != null" >
        tran_type,
      </if>
      <if test="businessSystemId != null" >
        business_system_id,
      </if>
      <if test="businessSeq != null" >
        business_seq,
      </if>
      <if test="gateSeq != null" >
        gate_seq,
      </if>
      <if test="payChannelId != null" >
        pay_channel_id,
      </if>
      <if test="bankSeq != null" >
        bank_seq,
      </if>
      <if test="amount != null" >
        amount,
      </if>
      <if test="bankCheckDate != null" >
        bank_check_date,
      </if>
      <if test="state != null" >
        state,
      </if>
      <if test="returnUrl != null" >
        return_url,
      </if>
      <if test="notifyUrl != null" >
        notify_url,
      </if>
      <if test="createTime != null" >
        create_time,
      </if>
      <if test="updateTime != null" >
        update_time,
      </if>
    </trim>
    <trim prefix="values (" suffix=")" suffixOverrides="," >
      <if test="id != null" >
        #{id,jdbcType=VARCHAR},
      </if>
      <if test="originId != null" >
        #{originId,jdbcType=VARCHAR},
      </if>
      <if test="tranDate != null" >
        #{tranDate,jdbcType=CHAR},
      </if>
      <if test="tranType != null" >
        #{tranType,jdbcType=VARCHAR},
      </if>
      <if test="businessSystemId != null" >
        #{businessSystemId,jdbcType=VARCHAR},
      </if>
      <if test="businessSeq != null" >
        #{businessSeq,jdbcType=VARCHAR},
      </if>
      <if test="gateSeq != null" >
        #{gateSeq,jdbcType=VARCHAR},
      </if>
      <if test="payChannelId != null" >
        #{payChannelId,jdbcType=VARCHAR},
      </if>
      <if test="bankSeq != null" >
        #{bankSeq,jdbcType=VARCHAR},
      </if>
      <if test="amount != null" >
        #{amount,jdbcType=NUMERIC},
      </if>
      <if test="bankCheckDate != null" >
        #{bankCheckDate,jdbcType=CHAR},
      </if>
      <if test="state != null" >
        #{state,jdbcType=VARCHAR},
      </if>
      <if test="returnUrl != null" >
        #{returnUrl,jdbcType=VARCHAR},
      </if>
      <if test="notifyUrl != null" >
        #{notifyUrl,jdbcType=VARCHAR},
      </if>
      <if test="createTime != null" >
        #{createTime,jdbcType=TIMESTAMP},
      </if>
      <if test="updateTime != null" >
        #{updateTime,jdbcType=TIMESTAMP},
      </if>
    </trim>
  </insert>
  <select id="countByExample" parameterType="com.trade.bankgate.dao.po.BankgateTransExample" resultType="java.lang.Integer" >
    select count(*) from bankgate.bankgate_trans
    <if test="_parameter != null" >
      <include refid="Example_Where_Clause" />
    </if>
  </select>
  <update id="updateByExampleSelective" parameterType="map" >
    update bankgate.bankgate_trans
    <set >
      <if test="record.id != null" >
        id = #{record.id,jdbcType=VARCHAR},
      </if>
      <if test="record.originId != null" >
        origin_id = #{record.originId,jdbcType=VARCHAR},
      </if>
      <if test="record.tranDate != null" >
        tran_date = #{record.tranDate,jdbcType=CHAR},
      </if>
      <if test="record.tranType != null" >
        tran_type = #{record.tranType,jdbcType=VARCHAR},
      </if>
      <if test="record.businessSystemId != null" >
        business_system_id = #{record.businessSystemId,jdbcType=VARCHAR},
      </if>
      <if test="record.businessSeq != null" >
        business_seq = #{record.businessSeq,jdbcType=VARCHAR},
      </if>
      <if test="record.gateSeq != null" >
        gate_seq = #{record.gateSeq,jdbcType=VARCHAR},
      </if>
      <if test="record.payChannelId != null" >
        pay_channel_id = #{record.payChannelId,jdbcType=VARCHAR},
      </if>
      <if test="record.bankSeq != null" >
        bank_seq = #{record.bankSeq,jdbcType=VARCHAR},
      </if>
      <if test="record.amount != null" >
        amount = #{record.amount,jdbcType=NUMERIC},
      </if>
      <if test="record.bankCheckDate != null" >
        bank_check_date = #{record.bankCheckDate,jdbcType=CHAR},
      </if>
      <if test="record.state != null" >
        state = #{record.state,jdbcType=VARCHAR},
      </if>
      <if test="record.returnUrl != null" >
        return_url = #{record.returnUrl,jdbcType=VARCHAR},
      </if>
      <if test="record.notifyUrl != null" >
        notify_url = #{record.notifyUrl,jdbcType=VARCHAR},
      </if>
      <if test="record.createTime != null" >
        create_time = #{record.createTime,jdbcType=TIMESTAMP},
      </if>
      <if test="record.updateTime != null" >
        update_time = #{record.updateTime,jdbcType=TIMESTAMP},
      </if>
    </set>
    <if test="_parameter != null" >
      <include refid="Update_By_Example_Where_Clause" />
    </if>
  </update>
  <update id="updateByExample" parameterType="map" >
    update bankgate.bankgate_trans
    set id = #{record.id,jdbcType=VARCHAR},
      origin_id = #{record.originId,jdbcType=VARCHAR},
      tran_date = #{record.tranDate,jdbcType=CHAR},
      tran_type = #{record.tranType,jdbcType=VARCHAR},
      business_system_id = #{record.businessSystemId,jdbcType=VARCHAR},
      business_seq = #{record.businessSeq,jdbcType=VARCHAR},
      gate_seq = #{record.gateSeq,jdbcType=VARCHAR},
      pay_channel_id = #{record.payChannelId,jdbcType=VARCHAR},
      bank_seq = #{record.bankSeq,jdbcType=VARCHAR},
      amount = #{record.amount,jdbcType=NUMERIC},
      bank_check_date = #{record.bankCheckDate,jdbcType=CHAR},
      state = #{record.state,jdbcType=VARCHAR},
      return_url = #{record.returnUrl,jdbcType=VARCHAR},
      notify_url = #{record.notifyUrl,jdbcType=VARCHAR},
      create_time = #{record.createTime,jdbcType=TIMESTAMP},
      update_time = #{record.updateTime,jdbcType=TIMESTAMP}
    <if test="_parameter != null" >
      <include refid="Update_By_Example_Where_Clause" />
    </if>
  </update>
  <update id="updateByPrimaryKeySelective" parameterType="com.trade.bankgate.dao.po.BankgateTrans" >
    update bankgate.bankgate_trans
    <set >
      <if test="originId != null" >
        origin_id = #{originId,jdbcType=VARCHAR},
      </if>
      <if test="tranDate != null" >
        tran_date = #{tranDate,jdbcType=CHAR},
      </if>
      <if test="tranType != null" >
        tran_type = #{tranType,jdbcType=VARCHAR},
      </if>
      <if test="businessSystemId != null" >
        business_system_id = #{businessSystemId,jdbcType=VARCHAR},
      </if>
      <if test="businessSeq != null" >
        business_seq = #{businessSeq,jdbcType=VARCHAR},
      </if>
      <if test="gateSeq != null" >
        gate_seq = #{gateSeq,jdbcType=VARCHAR},
      </if>
      <if test="payChannelId != null" >
        pay_channel_id = #{payChannelId,jdbcType=VARCHAR},
      </if>
      <if test="bankSeq != null" >
        bank_seq = #{bankSeq,jdbcType=VARCHAR},
      </if>
      <if test="amount != null" >
        amount = #{amount,jdbcType=NUMERIC},
      </if>
      <if test="bankCheckDate != null" >
        bank_check_date = #{bankCheckDate,jdbcType=CHAR},
      </if>
      <if test="state != null" >
        state = #{state,jdbcType=VARCHAR},
      </if>
      <if test="returnUrl != null" >
        return_url = #{returnUrl,jdbcType=VARCHAR},
      </if>
      <if test="notifyUrl != null" >
        notify_url = #{notifyUrl,jdbcType=VARCHAR},
      </if>
      <if test="createTime != null" >
        create_time = #{createTime,jdbcType=TIMESTAMP},
      </if>
      <if test="updateTime != null" >
        update_time = #{updateTime,jdbcType=TIMESTAMP},
      </if>
    </set>
    where id = #{id,jdbcType=VARCHAR}
  </update>
  <update id="updateByPrimaryKey" parameterType="com.trade.bankgate.dao.po.BankgateTrans" >
    update bankgate.bankgate_trans
    set origin_id = #{originId,jdbcType=VARCHAR},
      tran_date = #{tranDate,jdbcType=CHAR},
      tran_type = #{tranType,jdbcType=VARCHAR},
      business_system_id = #{businessSystemId,jdbcType=VARCHAR},
      business_seq = #{businessSeq,jdbcType=VARCHAR},
      gate_seq = #{gateSeq,jdbcType=VARCHAR},
      pay_channel_id = #{payChannelId,jdbcType=VARCHAR},
      bank_seq = #{bankSeq,jdbcType=VARCHAR},
      amount = #{amount,jdbcType=NUMERIC},
      bank_check_date = #{bankCheckDate,jdbcType=CHAR},
      state = #{state,jdbcType=VARCHAR},
      return_url = #{returnUrl,jdbcType=VARCHAR},
      notify_url = #{notifyUrl,jdbcType=VARCHAR},
      create_time = #{createTime,jdbcType=TIMESTAMP},
      update_time = #{updateTime,jdbcType=TIMESTAMP}
    where id = #{id,jdbcType=VARCHAR}
  </update>
  <select id="lockByPrimaryKey" resultMap="BaseResultMap" parameterType="java.lang.String" >
    select 
    <include refid="Base_Column_List" />
    from bankgate.bankgate_trans
    where id = #{id}  for update 
  </select>
  <select id="lockByExample" resultMap="BaseResultMap" parameterType="com.trade.bankgate.dao.po.BankgateTransExample" >
    select 
    <if test="distinct" >
      distinct
    </if>
    <include refid="Base_Column_List" />
    from bankgate.bankgate_trans
    <if test="_parameter != null" >
      <include refid="Example_Where_Clause" />
    </if>
    <if test="orderByClause != null" >
       order by #{orderByClause} 
    </if>
    <if test="limit gt 0" >
       limit #{limit} 
    </if>
    <if test="offset gt 0" >
       offset #{offset} 
    </if>
     for update 
  </select>
</mapper>